LOINC_NUM,COMPONENT
100732-7,Cholesterol.in lipoprotein (little a) & Cholesterol.in LDL panel
100733-5,Cholesterol.in LDL^corrected for Cholesterol.in lipoprotein (little a)
100898-6,Lipid panel
101339-0,Cholesterol
105515-1,Total cholesterol from lipid profile
105516-9,LDL from lipid profile
105517-7,HDL from lipid profile
105518-5,Triglycerides from lipid profile
11054-4,Cholesterol.in LDL/Cholesterol.in HDL
12183-0,Cholesterol
12531-0,Cholesterol
12771-2,Cholesterol.in HDL
12772-0,Cholesterol.in HDL
12773-8,Cholesterol.in LDL
12912-2,Lipids
13457-7,Cholesterol.in LDL
13458-5,Cholesterol.in VLDL
13459-3,Cholesterol.in LDL/Cholesterol.total
13460-1,Cholesterol.in LDL/Cholesterol.in HDL
14154-9,Cholesterol sulfate
14155-6,Cholesterol.in LDL
14438-6,Cholesterol
14439-4,Cholesterol
14440-2,Cholesterol
14441-0,Cholesterol
14442-8,Cholesterol
14443-6,Cholesterol
14444-4,Cholesterol
14646-4,Cholesterol.in HDL
14647-2,Cholesterol
16615-7,Cholesterol.total/Cholesterol.in LDL
16616-5,Cholesterol.in HDL/Cholesterol.in LDL
18261-8,Cholesterol.in LDL
18262-6,Cholesterol.in LDL
18263-4,Cholesterol.in HDL
2085-9,Cholesterol.in HDL
2086-7,Cholesterol.in HDL
2087-5,Cholesterol.in IDL
2088-3,Cholesterol.in IDL
2089-1,Cholesterol.in LDL
2090-9,Cholesterol.in LDL
2091-7,Cholesterol.in VLDL
2092-5,Cholesterol.in VLDL
2093-3,Cholesterol
2094-1,Cholesterol.non-esterified
2095-8,Cholesterol.in HDL/Cholesterol.total
2096-6,Cholesterol/Triglyceride
21197-9,Cholesterol esters/Cholesterol.total
22676-1,7-Dehydrocholesterol
22748-8,Cholesterol.in LDL
24331-1,Lipid 1996 panel
25371-6,Cholesterol.in VLDL
2565-0,Cholesterol
2569-2,Lipids
26015-8,Cholesterol.in HDL 2
26016-6,Cholesterol.in HDL 2
26017-4,Cholesterol.in HDL 3
27340-9,Cholesterol.in HDL
29765-5,Cholesterol
32289-1,7-Dehydrocholesterol
32308-9,Cholesterol
32309-7,Cholesterol.total/Cholesterol.in HDL
33275-9,7-Dehydrocholesterol
34467-1,Cholesterol.in chylomicrons
34671-8,8-Dehydrocholesterol
34695-7,Cholesterol.in VLDL/Triglyceride
35197-3,Cholesterol.in HDL
35198-1,Cholesterol.in LDL
35199-9,Cholesterol.in VLDL
35200-5,Cholesterol
35243-5,Cholesterol.in HDL 3
35387-0,Cholesterol.in lipoprotein (little a)
35388-8,Cholesterol.in lipoprotein (little a)
35389-6,Cholesterol.in chylomicrons
39468-4,Cholesterol
39469-2,Cholesterol.in LDL
40597-7,7-Dehydrocholesterol
43394-6,Cholesterol.in LDL.acetylated
43395-3,Cholesterol.in VLDL.acetylated
43396-1,Cholesterol.non HDL
44711-0,Cholesterol.in LDL/Apolipoprotein B
44733-4,Triglyceride/Cholesterol.in HDL
44915-7,Cholesterol.in LDL/Cholesterol.in HDL
46700-1,7-Dehydrocholesterol
46986-6,Cholesterol.in VLDL 3
47213-4,Cholesterol.in LDL real size pattern
47218-3,Cholesterol.in VLDL 3+4
47219-1,Cholesterol.in VLDL 5+6
47220-9,Cholesterol.in HDL 4+5
47221-7,Cholesterol.in HDL 1+2
47228-2,Cholesterol.non HDL/Cholesterol.total
48089-7,Cholesterol/Apolipoprotein B
48090-5,Cholesterol.in HDL/Cholesterol.in HDL+Cholesterol.in VLDL
48610-0,7-Dehydrocholesterol
48618-3,Cholesterol.in VLDL
48620-9,Cholesterol
48635-7,Cholesterol.in LDL pattern A
48636-5,Cholesterol.in LDL pattern BII
48637-3,Cholesterol.in LDL pattern BI
49130-8,Cholesterol.in HDL
49132-4,Cholesterol.in LDL
49133-2,Cholesterol.in VLDL
49624-0,Cholesterol.in VLDL 1+2
50192-4,Cholesterol.in VLDL 1+2+3
50193-2,Cholesterol.in LDL.narrow density
50194-0,Cholesterol.in IDL+Cholesterol.in VLDL 3
50223-7,Cholesterol crystals
50339-1,Cholesterol
50409-2,Cholesterol.in HDL 2+3
50799-6,7-Dehydrocholesterol
50840-8,Cholesterol.in HDL
51591-6,Cholesterol
53082-4,Cholesterol
53133-5,Cholesterol.in LDL
53135-0,Cholesterol.in HDL
54371-0,Cholesterol
54372-8,Cholesterol.in HDL
54373-6,Cholesterol.non-esterified
54438-7,Cholesterol/Total
54467-6,Cholesterol.in HDL 2a/Cholesterol.in HDL.total
54468-4,Cholesterol.in HDL 2b/Cholesterol.in HDL.total
54469-2,Cholesterol.in HDL 3a/Cholesterol.in HDL.total
54470-0,Cholesterol.in HDL 3b/Cholesterol.in HDL.total
54471-8,Cholesterol.in HDL 3c/Cholesterol.in HDL.total
55440-2,Cholesterol.in LDL
55838-7,Cholesterol/Phospholipid
55839-5,Cholesterol ester transfer protein
55840-3,Cholesterol esters
56035-9,Apolipoprotein A-I/Cholesterol.in HDL
56036-7,Apolipoprotein B/Cholesterol.in LDL
56132-4,Cholesterol.in HDL 2a
56133-2,Cholesterol.in HDL 2b
56134-0,Cholesterol.in IDL 1
56135-7,Cholesterol.in IDL 2
56535-8,8-Dehydrocholesterol
56912-9,Cholesterol
57698-3,Lipid panel with direct LDL
57936-7,Cholesterol.in HDL 2a
57937-5,Cholesterol.in HDL 3a
5800-8,Lipids
58239-5,PhenX measure - lipid profile
59038-0,Cholesterol
59248-5,Cholesterol esterase
59250-1,Tocopherols/Cholesterol
5932-9,Cholesterol
62391-8,PhenX - lipid profile protocol 040201
66126-4,Cholesterol.in VLDL
66499-5,Cholesterol.in VLDL.beta
69419-0,Cholesterol.in LDL
70200-1,Cholesterol.in HDL/Cholesterol.total
70201-9,Cholesterol.in IDL
70202-7,Cholesterol.in IDL+Cholesterol.in VLDL 3
70203-5,Cholesterol.in VLDL 3
70204-3,Cholesterol.non HDL
70261-3,Cholesterol.periton fld/Cholesterol.serum
70263-9,Cholesterol.pericard fld/Cholesterol.serum
70268-8,Cholesterol.plr fld/Cholesterol.serum
73852-6,7-Dehydrocholesterol & 8-Dehydrocholesterol panel
73958-1,Cholesterol esterase
74359-1,Cholesterol ester transfer protein actual/normal
74433-4,Cholestanol/Cholesterol
74435-9,Cholesterol.non-esterified/Cholesterol.total
74517-4,Cholesterol sulfate
75867-2,HEDIS 2015-2018 Value Set - Cholesterol Tests Other Than LDL
75884-7,Coagulation surface induced.lupus sensitive/Coagulation surface induced.lupus sensitive.excess phospholipid
77964-5,Cholesterol crystals
78518-8,Cholesterol
81021-8,Cholesterol intake
81022-6,Cholesterol intake
85155-0,Evaluation and management of hyperlipidemia note
85165-9,Evaluation and management of hyperlipidemia note
86911-5,Cholesterol.in LDL goal
88012-0,Sialate.lipid bound/Creatinine
88655-6,Hyperlipidemia
90364-1,Cholesterol.in LDL.small dense
90987-9,HEDIS 2019-2020 Value Set - Cholesterol Tests Other Than LDL
91105-7,Cholesterol.in LDL 1
91106-5,Cholesterol.in LDL 2
91107-3,Cholesterol.in LDL 3
91108-1,Cholesterol.in LDL 4
91109-9,Cholesterol.in LDL 5
91110-7,Cholesterol.in LDL 6
91111-5,Cholesterol.in LDL 7
91112-3,Cholesterol.in LDL 1
91113-1,Cholesterol.in LDL 2
91114-9,Cholesterol.in LDL 3
91115-6,Cholesterol.in LDL 4
91116-4,Cholesterol.in LDL 5
91117-2,Cholesterol.in LDL 6
91118-0,Cholesterol.in LDL 7
92764-0,7-Ketocholesterol
9322-9,Cholesterol.total/Cholesterol.in HDL
9342-7,Cholesterol
93504-9,Cholesterol crystals
9413-6,Lipids
94872-9,Cholesterol & triglyceride panel
95126-9,Lipid & glucose panel
95808-2,Cholesterol & triglyceride & chylomicrons panel
96076-5,HEDIS Measurement Year 2020 Value Set - Cholesterol Tests Other Than LDL
9618-0,Cholesterol
96258-9,Cholesterol.in LDL
96259-7,Cholesterol.in LDL
96588-9,Cholesterol
96589-7,Cholesterol.total/Cholesterol.in HDL
96596-2,Cholesterol.in HDL
96597-0,Cholesterol.in LDL
96959-2,Cholesterol.in LDL.small dense
9830-1,Cholesterol.total/Cholesterol.in HDL
9832-7,Cholesterol.in HDL 2
9833-5,Cholesterol.in HDL 3
99061-4,Cholesterol.esterified actual/normal
99878-1,Lipids
99879-9,Lipids
99880-7,Lipids
